[
   {"name": "biscuits-cookies-treats", "cost":10.60, "unit": "100g"},
   {"name": "bread-baguette-herb", "cost":8, "unit": "piece"},
   {"name": "bread-baguettes-crust", "cost":3, "unit": "piece"},
   {"name": "bread-buns", "cost":5.90, "unit": "piece"},
   {"name": "bread-crispy-carbohydrates", "cost":5, "unit": "piece"},
   {"name": "bread-loaf-artisan", "cost":12, "unit": "piece"},
   {"name": "bread-loaf-slices", "cost":12.50, "unit": "piece"},
   {"name": "bread-loaf-white", "cost":9.90, "unit": "piece"},
   {"name": "bread-loaves-crust", "cost":5.80, "unit": "piece"},
   {"name": "bread-loaves", "cost":5.80, "unit": "piece"},
   {"name": "bread-white-nutrition", "cost":10.50, "unit": "piece"},
   {"name": "bread-whole-wheat-organic", "cost":18.90, "unit": "piece"},
   {"name": "cake-bowl-gugelhupf", "cost":15.30, "unit": "piece"},
   {"name": "cake-chocalate-happy-birthday", "cost":35.80, "unit": "piece"},
   {"name": "cake-crumble-pastry", "cost":50.50, "unit": "piece"},
   {"name": "croissants-jam-breakfast", "cost":15, "unit": "piece"},
   {"name": "pizza-rolls", "cost":12.50, "unit": "piece"},
   {"name": "pretzels-crispy-salty", "cost":5.90, "unit": "100g"},
   {"name": "sweets-blueberries-dessert", "cost":12.50, "unit": "piece"},
   {"name": "sweets-cookies-chocolate", "cost":9.90, "unit": "100g"},
   {"name": "sweets-cream-puffs", "cost":3.50, "unit": "piece"},
   {"name": "sweets-cupcakes-chocolate-muffins", "cost":3.90, "unit": "piece"},
   {"name": "sweets-cupcakes-muffins", "cost":3.90, "unit": "piece"},
   {"name": "sweets-macarors-colorful-box", "cost":65.80, "unit": "box"},
   {"name": "sweets-macarors-pastries", "cost":10.90, "unit": "100g"},
   {"name": "sweets-macarors-pinkphone-wallpaper", "cost":9.90, "unit": "100g"},
   {"name": "sweets-strawberry-cupcakes", "cost":5.90, "unit": "piece"},
   {"name": "tart-apple-pie-crispy", "cost":12.50, "unit": "piece"},
   {"name": "tart-chocolate-coffee", "cost":11.90, "unit": "piece"},
   {"name": "tart-pie-pastry", "cost":10.90, "unit": "piece"}
]